id;label;lat;lon
1;Neque dolor dolorem labore velit. Labore sed quiquia non. Amet sed eius etincidunt labore neque. Eiu;;
2;Sit amet voluptatem ut. Sit ut neque voluptatem etincidunt porro dolor neque. Sit numquam porro sed ;;
3;Numquam ipsum labore labore aliquam est sed. Quaerat quisquam adipisci etincidunt ipsum. Dolore magn;;
4;Quisquam dolor est sed sit non dolorem quisquam. Quisquam adipisci etincidunt modi dolorem. Neque no;;
5;Ipsum quaerat adipisci adipisci. Eius quisquam ut dolor sit adipisci velit magnam. Adipisci porro ma;;
6;Quiquia labore est velit. Consectetur eius magnam sit sit quisquam sed voluptatem. Porro tempora adi;;
7;Ut etincidunt porro velit quaerat non tempora. Dolore voluptatem numquam aliquam voluptatem tempora ;;
8;Porro non dolorem non ut dolor tempora. Porro dolor labore amet dolor. Sed labore aliquam non porro ;;
9;Numquam porro dolore sit. Amet eius magnam porro consectetur eius. Modi aliquam ut tempora numquam. ;;
10;Etincidunt etincidunt eius modi neque quisquam ut. Magnam aliquam modi adipisci. Dolorem dolor volu;;
11;Quisquam adipisci dolorem magnam eius adipisci. Voluptatem etincidunt quiquia consectetur ipsum sit;;
12;Quiquia amet non amet etincidunt. Amet voluptatem modi quaerat velit ipsum. Sit dolorem quaerat est;;
13;Modi dolore dolore ut ut magnam ut modi. Est ipsum adipisci labore ipsum labore magnam porro. Sed n;;
14;Quaerat porro sit adipisci quiquia. Labore labore adipisci dolore dolor ipsum dolore neque. Aliquam;;
15;Non velit tempora ut voluptatem. Neque quisquam quiquia modi quaerat magnam tempora. Sit numquam mo;;
16;Non non magnam neque magnam voluptatem sit. Etincidunt adipisci voluptatem porro etincidunt ut. Non;;
17;Non porro magnam etincidunt magnam sed tempora adipisci. Modi tempora non dolor. Tempora consectetu;;
18;Numquam dolorem magnam dolorem. Ipsum non tempora ipsum velit etincidunt. Non non quisquam ut. Labo;;
19;Porro amet labore dolore quiquia. Modi sed quiquia dolorem neque non quisquam magnam. Ut quaerat co;;
20;Eius velit voluptatem quaerat consectetur ipsum porro modi. Modi labore eius numquam ipsum. Amet se;;
21;Etincidunt voluptatem voluptatem quisquam dolor magnam non. Modi dolorem quisquam tempora. Non ipsu;;
22;Voluptatem neque aliquam dolor. Eius ipsum velit porro. Ipsum ipsum amet numquam adipisci dolore. E;;
23;Sed dolore ipsum quisquam neque modi modi. Porro adipisci modi dolorem etincidunt ipsum modi. Quisq;;
24;Amet non voluptatem quaerat neque dolorem dolore amet. Ut aliquam non non est. Labore quaerat labor;;
25;Amet tempora quiquia dolore. Velit dolor consectetur quaerat quiquia. Consectetur dolorem porro mod;;
26;Ut adipisci quiquia magnam voluptatem amet. Etincidunt modi sit dolor. Ipsum non numquam quaerat am;;
27;Numquam quisquam ut adipisci tempora labore. Sed dolorem etincidunt ut amet labore labore sit. Cons;;
28;Labore consectetur ut dolor quiquia. Quaerat eius quaerat porro velit. Non consectetur quaerat adip;;
29;Quiquia consectetur quisquam eius consectetur dolorem dolorem eius. Voluptatem consectetur ut quaer;;
30;Voluptatem amet numquam neque modi quaerat. Quisquam numquam adipisci voluptatem velit adipisci dol;;
31;Neque ipsum sed consectetur magnam. Etincidunt sed numquam adipisci voluptatem ipsum. Labore est co;;
32;Modi sit sed dolorem amet numquam modi. Consectetur ipsum magnam ipsum. Voluptatem quaerat magnam e;;
33;Aliquam sed amet consectetur magnam. Neque quaerat ipsum amet est. Dolorem sed quisquam quiquia mag;;
34;Non dolorem porro modi velit. Neque tempora dolore sed magnam porro. Velit consectetur consectetur ;;
35;Sit est ipsum modi quiquia voluptatem velit quisquam. Quisquam sed eius eius etincidunt. Voluptatem;;
36;Etincidunt modi consectetur velit dolorem magnam. Modi modi labore est velit. Sed non voluptatem et;;
37;Amet eius quisquam etincidunt non sed magnam. Adipisci labore aliquam modi. Ipsum dolore quisquam q;;
38;Est velit aliquam non est porro ipsum dolore. Consectetur labore dolorem aliquam ipsum. Magnam amet;;
39;Tempora dolorem ipsum dolore porro numquam. Consectetur eius dolorem quisquam dolor adipisci. Modi ;;
40;Sed eius numquam est velit. Ipsum magnam porro quisquam. Quisquam dolore modi non. Dolorem sed quis;;
41;Sit dolor amet quiquia labore. Tempora quisquam consectetur dolorem consectetur. Magnam quisquam ei;;
42;Dolor quaerat amet consectetur ipsum numquam. Ipsum ut sit amet quiquia porro. Quaerat modi quiquia;;
43;Quiquia dolore eius quaerat ut labore tempora dolor. Amet adipisci etincidunt adipisci non. Ut nequ;;
44;Modi non velit amet est magnam etincidunt consectetur. Modi voluptatem amet dolorem tempora. Eius d;;
45;Consectetur est magnam sit ut. Dolorem modi adipisci voluptatem quaerat sit voluptatem. Quisquam si;;
46;Tempora ut est numquam. Dolor quiquia consectetur labore voluptatem. Numquam labore adipisci numqua;;
47;Consectetur voluptatem dolorem non velit eius. Labore sit est tempora. Etincidunt aliquam sed etinc;;
48;Porro non non labore dolorem. Magnam magnam labore consectetur porro porro. Non eius magnam quaerat;;
49;Ipsum quaerat aliquam modi dolor. Sit velit velit etincidunt modi labore adipisci numquam. Eius qua;;
50;Neque porro quisquam ut dolore porro amet. Amet voluptatem modi velit. Etincidunt magnam velit numq;;
51;Amet non labore ipsum voluptatem dolor. Tempora amet neque dolor non. Quisquam quisquam sed magnam ;;
52;Modi sit dolor quaerat velit modi dolor dolorem. Ipsum amet amet ut. Sit porro magnam ipsum volupta;;
53;Dolore est quisquam voluptatem amet modi est. Aliquam quiquia amet porro dolorem modi velit. Quiqui;;
54;Labore eius sed etincidunt labore quaerat non. Dolore quiquia etincidunt aliquam ipsum. Velit dolor;;
55;Ut dolorem aliquam est adipisci numquam. Numquam dolore quaerat porro ipsum. Aliquam numquam quiqui;;
56;Non adipisci aliquam dolore sed tempora consectetur. Quisquam quaerat quiquia aliquam. Consectetur ;;
57;Modi modi etincidunt dolorem consectetur amet velit. Tempora non non etincidunt quisquam porro. Dol;;
58;Quiquia aliquam numquam modi. Quisquam modi est adipisci. Ipsum eius consectetur aliquam velit quiq;;
59;Magnam labore non labore amet quaerat quisquam velit. Modi labore porro magnam etincidunt voluptate;;
60;Sit ut magnam magnam dolorem non voluptatem aliquam. Numquam dolore adipisci dolorem dolor etincidu;;
61;Aliquam quiquia modi magnam amet etincidunt. Quaerat voluptatem modi quisquam adipisci neque. Conse;;
62;Neque dolorem consectetur quiquia est. Sit quiquia ipsum ut porro tempora etincidunt consectetur. N;;
63;Ipsum eius consectetur est magnam amet est magnam. Numquam velit quisquam dolore. Ipsum labore dolo;;
64;Tempora eius etincidunt quaerat est labore magnam dolor. Neque eius sit consectetur dolorem modi. P;;
65;Dolor ut tempora velit aliquam neque. Magnam magnam sit dolorem dolor. Amet tempora sed porro ipsum;;
66;Adipisci amet ipsum quiquia. Dolorem modi quaerat quisquam neque adipisci velit. Etincidunt aliquam;;
67;Tempora sit numquam est amet labore eius tempora. Velit modi modi dolorem dolorem quaerat. Labore s;;
68;Quiquia est tempora quaerat dolore quiquia labore sed. Magnam ut numquam porro consectetur ipsum. Q;;
69;Tempora sed quisquam voluptatem adipisci quaerat magnam. Amet amet dolor aliquam magnam magnam. Mag;;
70;Est labore eius quisquam quisquam. Sed magnam eius dolor. Numquam quisquam adipisci dolore ipsum. E;;
71;Labore aliquam sed non. Amet quiquia ut voluptatem eius sit non. Numquam ut etincidunt dolorem magn;;
72;Etincidunt tempora dolor tempora. Dolor tempora quisquam eius consectetur numquam aliquam. Eius vol;;
73;Voluptatem aliquam amet labore amet ipsum. Sit labore dolorem numquam numquam velit. Porro eius eti;;
74;Consectetur neque dolorem eius sed adipisci. Sit dolor eius eius dolorem. Aliquam adipisci velit al;;
75;Magnam quaerat numquam dolorem sit adipisci aliquam. Dolorem amet adipisci amet modi. Non aliquam e;;
76;Est tempora quaerat modi non quiquia etincidunt. Dolor sed dolor sit dolor numquam ut. Velit neque ;;
77;Magnam sed eius adipisci numquam. Etincidunt modi sit quisquam amet modi. Neque porro voluptatem do;;
78;Eius porro porro dolore sed. Consectetur velit consectetur ipsum ut ut amet quiquia. Voluptatem por;;
